age_group,patient_count,cost_mean,cost_sum,visit_mean
middle age,18,1580.8333333333333,28455.0,4.555555555555555
senior,9,2550.3333333333335,22953.0,7.555555555555555
young,3,1166.6666666666667,3500.0,3.6666666666666665
