condition,patient_count,age_mean,age_max,cost_mean,visit_mean
Asthma,7,48.142857142857146,58,2550.3571428571427,8.142857142857142
Diabetes,8,51.375,63,2550.4375,7.0
Hypertension,8,41.25,56,1750.25,4.75
Normal,7,33.57142857142857,40,378.57142857142856,1.4285714285714286
