Customer_Segment,Customers,Revenue,Avg_Order_Value
Low Value,1250,92649.83561613155,74.11986849290524
Medium Value,1250,208220.617116546,166.57649369323678
High Value,1250,398542.88959583023,318.8343116766642
Premium,1250,1011924.7590961443,809.5398072769154
