,count,mean,std,min,25%,median,50%,75%,max
transaction_id,5000.0,2500.5,1443.5200033252052,1.0,1250.75,2500.5,2500.5,3750.25,5000.0
customer_id,5000.0,3008.9794,1147.760648165259,1000.0,2008.75,3000.5,3000.5,4006.0,4999.0
product_price,5000.0,118.52161038424111,98.10893112481982,20.005282832768835,48.96738128700194,87.88075910740343,87.88075910740343,157.07925883496773,822.6178235781022
quantity,5000.0,3.045,1.4381198273188314,1.0,2.0,3.0,3.0,4.0,10.0
discount_pct,4950.0,4.876767676767677,6.068825105888075,0.0,0.0,0.0,0.0,10.0,20.0
customer_age,4950.0,37.90767676767677,11.396337217576894,18.0,29.25,38.0,38.0,46.0,78.0
total_price,5000.0,359.228978320228,357.6096933035112,20.566813842997824,122.1380754070324,234.80690840979702,234.80690840979702,464.05963663697827,3186.5254460672354
final_price,5000.0,342.26762028493044,343.45438703653633,17.48179176654815,115.82580542686314,225.9809043136727,225.9809043136727,442.5763831451224,3027.1991737638737
